{"session_id":"1649776253083","state":"screen2","original_query":"?version=v2","user_agent":"Mozilla/5.0 (Linux; Android 12; Pixel 4a) AppleWebKit/537.36 (KHTML, like Gecko) Chrome/100.0.4896.79 Mobile Safari/537.36","platform":"Linux armv8l","task_idx":"11","task_id":"task9","style_id":"spacing5","table_idx":"20","scroll_log":[{"offsetLeft":0,"offsetTop":0,"pageLeft":0,"pageTop":6.181818008422852,"width":393.0909118652344,"height":786.1818237304688,"scale":1,"time":4300},{"offsetLeft":0,"offsetTop":0,"pageLeft":0,"pageTop":34.90909194946289,"width":393.0909118652344,"height":786.1818237304688,"scale":1,"time":4313},{"offsetLeft":0,"offsetTop":0,"pageLeft":0,"pageTop":68.36363983154297,"width":393.0909118652344,"height":786.1818237304688,"scale":1,"time":4332},{"offsetLeft":0,"offsetTop":0,"pageLeft":0,"pageTop":80,"width":393.0909118652344,"height":786.1818237304688,"scale":1,"time":4347}],"filename":"11_scroll"}