{"session_id":"1651434003633","state":"screen2","original_query":"?version=v4","user_agent":"Mozilla/5.0 (Linux; Android 9; Redmi 6) AppleWebKit/537.36 (KHTML, like Gecko) Chrome/100.0.4896.127 Mobile Safari/537.36","platform":"Linux armv7l","task_idx":"15","task_id":"task1","style_id":"bad","table_idx":"16","scroll_log":[{"offsetLeft":0,"offsetTop":892.941162109375,"pageLeft":0,"pageTop":927.0587768554688,"width":424.1176452636719,"height":746.9044799804688,"scale":1,"time":2084},{"offsetLeft":0,"offsetTop":854.7058715820312,"pageLeft":0,"pageTop":949.4117431640625,"width":424.1176452636719,"height":719.4117431640625,"scale":1,"time":2098},{"offsetLeft":0,"offsetTop":646.4705810546875,"pageLeft":0,"pageTop":646.4705810546875,"width":424.1176452636719,"height":719.4117431640625,"scale":1,"time":2514}],"filename":"15_scroll"}