{"session_id":"1651434003633","state":"screen2","original_query":"?version=v4","user_agent":"Mozilla/5.0 (Linux; Android 9; Redmi 6) AppleWebKit/537.36 (KHTML, like Gecko) Chrome/100.0.4896.127 Mobile Safari/537.36","platform":"Linux armv7l","task_idx":"16","task_id":"task7","style_id":"bad","table_idx":"19","scroll_log":[{"offsetLeft":0,"offsetTop":1382.941162109375,"pageLeft":0,"pageTop":1519.4117431640625,"width":424.1176452636719,"height":775.2940673828125,"scale":1,"time":2322},{"offsetLeft":0,"offsetTop":1382.941162109375,"pageLeft":0,"pageTop":1546.4705810546875,"width":424.1176452636719,"height":775.2940673828125,"scale":1,"time":2337},{"offsetLeft":0,"offsetTop":1382.941162109375,"pageLeft":0,"pageTop":1572.941162109375,"width":424.1176452636719,"height":775.2940673828125,"scale":1,"time":2354},{"offsetLeft":0,"offsetTop":1382.941162109375,"pageLeft":0,"pageTop":1581.7646484375,"width":424.1176452636719,"height":775.2940673828125,"scale":1,"time":2369}],"filename":"16_scroll"}