{"session_id":"1648331756833","state":"screen2","original_query":"?version=v2","user_agent":"Mozilla/5.0 (Linux; Android 12; SAMSUNG SM-N970U1) AppleWebKit/537.36 (KHTML, like Gecko) SamsungBrowser/16.2 Chrome/92.0.4515.166 Mobile Safari/537.36","platform":"Linux aarch64","task_idx":"17","task_id":"task1","style_id":"spacing15","table_idx":"16","scroll_log":[{"offsetLeft":0,"offsetTop":731.8095092773438,"pageLeft":0,"pageTop":746.2857055664062,"width":412.19049072265625,"height":772.5878295898438,"scale":1,"time":13201},{"offsetLeft":0,"offsetTop":668.952392578125,"pageLeft":0,"pageTop":714.6666870117188,"width":412.19049072265625,"height":739.9121704101562,"scale":1,"time":13217},{"offsetLeft":0,"offsetTop":622.4761962890625,"pageLeft":0,"pageTop":669.7142944335938,"width":412.19049072265625,"height":739.047607421875,"scale":1,"time":13234},{"offsetLeft":0,"offsetTop":580.1904907226562,"pageLeft":0,"pageTop":580.1904907226562,"width":412.19049072265625,"height":691.047607421875,"scale":1,"time":13269}],"filename":"17_scroll"}