{"session_id":"1648328439343","state":"screen2","original_query":"?version=v2","user_agent":"Mozilla/5.0 (Linux; Android 11; moto g stylus (2021)) AppleWebKit/537.36 (KHTML, like Gecko) Chrome/99.0.4844.73 Mobile Safari/537.36","platform":"Linux armv8l","task_idx":"10","task_id":"task1","style_id":"spacing15","table_idx":"16","scroll_log":[{"offsetLeft":0,"offsetTop":683.7667846679688,"pageLeft":0,"pageTop":733.6322631835938,"width":388.1614074707031,"height":748.9713134765625,"scale":1,"time":16933},{"offsetLeft":0,"offsetTop":530.2241821289062,"pageLeft":0,"pageTop":589.0582885742188,"width":388.1614074707031,"height":744.0358276367188,"scale":1,"time":16962},{"offsetLeft":0,"offsetTop":0,"pageLeft":0,"pageTop":15.78475284576416,"width":388.1614074707031,"height":744.0358276367188,"scale":1,"time":17131},{"offsetLeft":0,"offsetTop":0,"pageLeft":0,"pageTop":0,"width":388.1614074707031,"height":744.0358276367188,"scale":1,"time":17152}],"filename":"10_scroll"}