{"session_id":"1648328439343","state":"screen2","original_query":"?version=v2","user_agent":"Mozilla/5.0 (Linux; Android 11; moto g stylus (2021)) AppleWebKit/537.36 (KHTML, like Gecko) Chrome/99.0.4844.73 Mobile Safari/537.36","platform":"Linux armv8l","task_idx":"18","task_id":"task3","style_id":"spacing15","table_idx":"17","scroll_log":[{"offsetLeft":210.58294677734375,"offsetTop":1578.116455078125,"pageLeft":210.58294677734375,"pageTop":1693.990966796875,"width":388.1614074707031,"height":744.0358276367188,"scale":1,"time":40330},{"offsetLeft":210.58294677734375,"offsetTop":0,"pageLeft":210.58294677734375,"pageTop":47.3542594909668,"width":388.1614074707031,"height":744.0358276367188,"scale":1,"time":40678},{"offsetLeft":210.58294677734375,"offsetTop":0,"pageLeft":210.58294677734375,"pageTop":0,"width":388.1614074707031,"height":744.0358276367188,"scale":1,"time":40696}],"filename":"18_scroll"}