{"session_id":"1651328018538","state":"screen2","original_query":"?version=v4","user_agent":"Mozilla/5.0 (Linux; Android 12; V2135) AppleWebKit/537.36 (KHTML, like Gecko) Chrome/101.0.4951.41 Mobile Safari/537.36","platform":"Linux armv8l","task_idx":"15","task_id":"task23","style_id":"rowfreeze","table_idx":"27","scroll_log":[{"offsetLeft":0,"offsetTop":0,"pageLeft":0,"pageTop":2.1818182468414307,"width":393.0909118652344,"height":746.1818237304688,"scale":1,"time":1022},{"offsetLeft":0,"offsetTop":0,"pageLeft":0,"pageTop":26.545454025268555,"width":393.0909118652344,"height":746.1818237304688,"scale":1,"time":1041},{"offsetLeft":0,"offsetTop":0,"pageLeft":0,"pageTop":65.45454406738281,"width":393.0909118652344,"height":746.1818237304688,"scale":1,"time":1055},{"offsetLeft":0,"offsetTop":0,"pageLeft":0,"pageTop":120.7272720336914,"width":393.0909118652344,"height":746.1818237304688,"scale":1,"time":1073}],"filename":"15_scroll"}