{"session_id":"1651328018538","state":"screen2","original_query":"?version=v4","user_agent":"Mozilla/5.0 (Linux; Android 12; V2135) AppleWebKit/537.36 (KHTML, like Gecko) Chrome/101.0.4951.41 Mobile Safari/537.36","platform":"Linux armv8l","task_idx":"21","task_id":"task1","style_id":"bad","table_idx":"16","scroll_log":[{"offsetLeft":0,"offsetTop":0,"pageLeft":0,"pageTop":22.909090042114258,"width":393.0909118652344,"height":802.1818237304688,"scale":1,"time":996},{"offsetLeft":0,"offsetTop":0,"pageLeft":0,"pageTop":45.45454406738281,"width":393.0909118652344,"height":802.1818237304688,"scale":1,"time":1014},{"offsetLeft":0,"offsetTop":0,"pageLeft":0,"pageTop":49.818180084228516,"width":393.0909118652344,"height":802.1818237304688,"scale":1,"time":1032}],"filename":"21_scroll"}