{"session_id":"1649877582758","state":"screen2","original_query":"?version=v3","user_agent":"Mozilla/5.0 (Linux; Android 10; SAMSUNG SM-M305F) AppleWebKit/537.36 (KHTML, like Gecko) SamsungBrowser/15.0 Chrome/90.0.4430.210 Mobile Safari/537.36","platform":"Linux armv8l","task_idx":"25","task_id":"task3","style_id":"rowborders","table_idx":"17","scroll_log":[{"offsetLeft":0,"offsetTop":1049.5238037109375,"pageLeft":0,"pageTop":1053.7142333984375,"width":412.19049072265625,"height":856.9490356445312,"scale":1,"time":17405},{"offsetLeft":0,"offsetTop":984.7619018554688,"pageLeft":0,"pageTop":1020.1904907226562,"width":412.19049072265625,"height":830.71337890625,"scale":1,"time":17424},{"offsetLeft":0,"offsetTop":921.5238037109375,"pageLeft":0,"pageTop":987.047607421875,"width":412.19049072265625,"height":812.1904907226562,"scale":1,"time":17439},{"offsetLeft":0,"offsetTop":906.2857055664062,"pageLeft":0,"pageTop":906.2857055664062,"width":412.19049072265625,"height":764.1904907226562,"scale":1,"time":17457}],"filename":"25_scroll"}