{"session_id":"1649782200200","state":"screen2","original_query":"?version=v2","user_agent":"Mozilla/5.0 (Linux; Android 11; SM-A315F) AppleWebKit/537.36 (KHTML, like Gecko) Chrome/100.0.4896.79 Mobile Safari/537.36","platform":"Linux armv8l","task_idx":"23","task_id":"task1","style_id":"spacing10","table_idx":"16","scroll_log":[{"offsetLeft":80.76190185546875,"offsetTop":605.7142944335938,"pageLeft":80.76190185546875,"pageTop":616,"width":412.19049072265625,"height":823.3536376953125,"scale":1,"time":16701},{"offsetLeft":80.76190185546875,"offsetTop":591.6190185546875,"pageLeft":80.76190185546875,"pageTop":629.7142944335938,"width":412.19049072265625,"height":804.3009033203125,"scale":1,"time":16717},{"offsetLeft":80.76190185546875,"offsetTop":573.7142944335938,"pageLeft":80.76190185546875,"pageTop":645.3333129882812,"width":412.19049072265625,"height":781.3333129882812,"scale":1,"time":16733},{"offsetLeft":80.76190185546875,"offsetTop":440,"pageLeft":80.76190185546875,"pageTop":440,"width":412.19049072265625,"height":781.3333129882812,"scale":1,"time":17017}],"filename":"23_scroll"}