{"session_id":"1649956013053","state":"screen2","original_query":"?version=v3","user_agent":"Mozilla/5.0 (Linux; Android 9; Android_Device) AppleWebKit/537.36 (KHTML, like Gecko) Version/4.0 Chrome/74.0.3729.186 Mobile Safari/537.36 ","platform":"Linux i686","task_idx":"16","task_id":"task9","style_id":"row_borders","table_idx":"20","scroll_log":[{"offsetLeft":0,"offsetTop":0,"pageLeft":0,"pageTop":35.42856979370117,"width":412.19049072265625,"height":660.1904907226562,"scale":1,"time":3596},{"offsetLeft":0,"offsetTop":0,"pageLeft":0,"pageTop":59.0476188659668,"width":412.19049072265625,"height":660.1904907226562,"scale":1,"time":3612},{"offsetLeft":0,"offsetTop":0,"pageLeft":0,"pageTop":85.71428680419922,"width":412.19049072265625,"height":660.1904907226562,"scale":1,"time":3629},{"offsetLeft":0,"offsetTop":0,"pageLeft":0,"pageTop":94.0952377319336,"width":412.19049072265625,"height":660.1904907226562,"scale":1,"time":3658}],"filename":"16_scroll"}