{"session_id":"1649775466845","state":"screen2","original_query":"?version=v2","user_agent":"Mozilla/5.0 (Linux; Android 12; SAMSUNG SM-A528B) AppleWebKit/537.36 (KHTML, like Gecko) SamsungBrowser/16.2 Chrome/92.0.4515.166 Mobile Safari/537.36","platform":"Linux aarch64","task_idx":"20","task_id":"task7","style_id":"spacing15","table_idx":"19","scroll_log":[{"offsetLeft":0,"offsetTop":1118.22216796875,"pageLeft":0,"pageTop":1147.022216796875,"width":384,"height":775.111083984375,"scale":1,"time":2568},{"offsetLeft":0,"offsetTop":1118.22216796875,"pageLeft":0,"pageTop":1150.933349609375,"width":384,"height":775.111083984375,"scale":1,"time":2589},{"offsetLeft":0,"offsetTop":1118.22216796875,"pageLeft":0,"pageTop":1171.199951171875,"width":384,"height":775.111083984375,"scale":1,"time":2601},{"offsetLeft":0,"offsetTop":1118.22216796875,"pageLeft":0,"pageTop":1181.155517578125,"width":384,"height":775.111083984375,"scale":1,"time":2606}],"filename":"20_scroll"}