{"session_id":"1649880125736","state":"screen2","original_query":"?version=v3","user_agent":"Mozilla/5.0 (Linux; Android 10; SM-N960U) AppleWebKit/537.36 (KHTML, like Gecko) Chrome/98.0.4758.101 Mobile Safari/537.36","platform":"Linux armv8l","task_idx":"4","task_id":"task9","style_id":"rowborders","table_idx":"20","scroll_log":[{"offsetLeft":0,"offsetTop":0,"pageLeft":0,"pageTop":11.428571701049805,"width":412.19049072265625,"height":726.09521484375,"scale":1,"time":3282},{"offsetLeft":0,"offsetTop":0,"pageLeft":0,"pageTop":34.66666793823242,"width":412.19049072265625,"height":726.09521484375,"scale":1,"time":3299},{"offsetLeft":0,"offsetTop":0,"pageLeft":0,"pageTop":48.380950927734375,"width":412.19049072265625,"height":726.09521484375,"scale":1,"time":3315}],"filename":"4_scroll"}