{"session_id":"1649887048823","state":"screen2","original_query":"?version=v3","user_agent":"Mozilla/5.0 (Linux; Android 9; Redmi Note 5 Pro) AppleWebKit/537.36 (KHTML, like Gecko) Chrome/100.0.4896.88 Mobile Safari/537.36","platform":"Linux armv8l","task_idx":"24","task_id":"task2","style_id":"colborders","table_idx":"3","scroll_log":[{"offsetLeft":0,"offsetTop":167.27272033691406,"pageLeft":0,"pageTop":167.27272033691406,"width":393.0909118652344,"height":715.272705078125,"scale":1,"time":9},{"offsetLeft":0,"offsetTop":938.5454711914062,"pageLeft":0,"pageTop":1018.9091186523438,"width":393.0909118652344,"height":659.272705078125,"scale":1,"time":1419},{"offsetLeft":0,"offsetTop":0,"pageLeft":0,"pageTop":34.54545593261719,"width":393.0909118652344,"height":659.272705078125,"scale":1,"time":1737},{"offsetLeft":0,"offsetTop":0,"pageLeft":0,"pageTop":0,"width":393.0909118652344,"height":659.272705078125,"scale":1,"time":1754}],"filename":"24_scroll"}