{"session_id":"1649887048823","state":"screen2","original_query":"?version=v3","user_agent":"Mozilla/5.0 (Linux; Android 9; Redmi Note 5 Pro) AppleWebKit/537.36 (KHTML, like Gecko) Chrome/100.0.4896.88 Mobile Safari/537.36","platform":"Linux armv8l","task_idx":"4","task_id":"task4","style_id":"colborders","table_idx":"4","scroll_log":[{"offsetLeft":0,"offsetTop":264.3636474609375,"pageLeft":0,"pageTop":402.5454406738281,"width":393.0909118652344,"height":715.272705078125,"scale":1,"time":811},{"offsetLeft":0,"offsetTop":264.3636474609375,"pageLeft":0,"pageTop":492.3636474609375,"width":393.0909118652344,"height":715.272705078125,"scale":1,"time":828},{"offsetLeft":0,"offsetTop":264.3636474609375,"pageLeft":0,"pageTop":538.1818237304688,"width":393.0909118652344,"height":715.272705078125,"scale":1,"time":843}],"filename":"4_scroll"}