{"session_id":"1649884874378","state":"screen2","original_query":"?version=v3","user_agent":"Mozilla/5.0 (Linux; Android 12; Pixel 4a) AppleWebKit/537.36 (KHTML, like Gecko) Chrome/98.0.4758.101 Mobile Safari/537.36","platform":"Linux armv8l","task_idx":"21","task_id":"task9","style_id":"plain","table_idx":"20","scroll_log":[{"offsetLeft":0,"offsetTop":0,"pageLeft":0,"pageTop":0.3636363744735718,"width":393.0909118652344,"height":754.1818237304688,"scale":1,"time":7242},{"offsetLeft":0,"offsetTop":0,"pageLeft":0,"pageTop":16,"width":393.0909118652344,"height":754.1818237304688,"scale":1,"time":7260},{"offsetLeft":0,"offsetTop":0,"pageLeft":0,"pageTop":24.363636016845703,"width":393.0909118652344,"height":754.1818237304688,"scale":1,"time":7275}],"filename":"21_scroll"}