{"session_id":"1651434397803","state":"screen2","original_query":"?version=v4","user_agent":"Mozilla/5.0 (Linux; Android 11; LM-K500) AppleWebKit/537.36 (KHTML, like Gecko) Chrome/101.0.4951.41 Mobile Safari/537.36","platform":"Linux armv7l","task_idx":"14","task_id":"task2","style_id":"plain","table_idx":"3","scroll_log":[{"offsetLeft":0,"offsetTop":901.7777709960938,"pageLeft":0,"pageTop":901.7777709960938,"width":320,"height":647.111083984375,"scale":1,"time":59},{"offsetLeft":0,"offsetTop":862.6666870117188,"pageLeft":0,"pageTop":884.4444580078125,"width":320,"height":632.0262451171875,"scale":1,"time":4624},{"offsetLeft":0,"offsetTop":753.3333129882812,"pageLeft":0,"pageTop":828.4444580078125,"width":320,"height":591.111083984375,"scale":1,"time":4648},{"offsetLeft":0,"offsetTop":573.7777709960938,"pageLeft":0,"pageTop":573.7777709960938,"width":320,"height":543.111083984375,"scale":1,"time":5190}],"filename":"14_scroll"}