{"session_id":"1648326019292","state":"screen2","original_query":"?version=v2","user_agent":"Mozilla/5.0 (Linux; Android 10; SAMSUNG SM-G965U) AppleWebKit/537.36 (KHTML, like Gecko) SamsungBrowser/16.2 Chrome/92.0.4515.166 Mobile Safari/537.36","platform":"Linux aarch64","task_idx":"5","task_id":"task8","style_id":"spacing5","table_idx":"6","scroll_log":[{"offsetLeft":0,"offsetTop":0,"pageLeft":0,"pageTop":3.4285714626312256,"width":412.19049072265625,"height":678.09521484375,"scale":1,"time":1340},{"offsetLeft":0,"offsetTop":0,"pageLeft":0,"pageTop":0.761904776096344,"width":412.19049072265625,"height":715.552001953125,"scale":1,"time":14304},{"offsetLeft":0,"offsetTop":0,"pageLeft":0,"pageTop":0,"width":412.19049072265625,"height":722.30419921875,"scale":1,"time":14320}],"filename":"5_scroll"}