{"session_id":"1651445648015","state":"screen2","original_query":"?version=v4","user_agent":"Mozilla/5.0 (Linux; Android 12; SM-G970U) AppleWebKit/537.36 (KHTML, like Gecko) Chrome/100.0.4896.127 Mobile Safari/537.36","platform":"Linux armv8l","task_idx":"11","task_id":"task1","style_id":"bad","table_idx":"16","scroll_log":[{"offsetLeft":0,"offsetTop":88.78431701660156,"pageLeft":0,"pageTop":88.78431701660156,"width":339.13726806640625,"height":631.2156982421875,"scale":1,"time":5},{"offsetLeft":279.5294189453125,"offsetTop":637.4901733398438,"pageLeft":279.5294189453125,"pageTop":701.8038940429688,"width":339.13726806640625,"height":576.08447265625,"scale":1,"time":15547},{"offsetLeft":279.5294189453125,"offsetTop":605.1764526367188,"pageLeft":279.5294189453125,"pageTop":671.686279296875,"width":339.13726806640625,"height":575.058837890625,"scale":1,"time":15561},{"offsetLeft":279.5294189453125,"offsetTop":252.5490264892578,"pageLeft":279.5294189453125,"pageTop":252.5490264892578,"width":339.13726806640625,"height":527.058837890625,"scale":1,"time":16464}],"filename":"11_scroll"}