{"session_id":"1648327870203","state":"screen2","original_query":"?version=v2","user_agent":"Mozilla/5.0 (Linux; Android 11; moto g stylus 5G) AppleWebKit/537.36 (KHTML, like Gecko) Chrome/99.0.4844.58 Mobile Safari/537.36","platform":"Linux armv8l","task_idx":"6","task_id":"task9","style_id":"spacing5","table_idx":"20","scroll_log":[{"offsetLeft":0,"offsetTop":0,"pageLeft":0,"pageTop":17.200000762939453,"width":432,"height":871.2000122070312,"scale":1,"time":8692},{"offsetLeft":0,"offsetTop":0,"pageLeft":0,"pageTop":47.599998474121094,"width":432,"height":871.2000122070312,"scale":1,"time":8707},{"offsetLeft":0,"offsetTop":0,"pageLeft":0,"pageTop":73.19999694824219,"width":432,"height":871.2000122070312,"scale":1,"time":8724},{"offsetLeft":0,"offsetTop":0,"pageLeft":0,"pageTop":75.19999694824219,"width":432,"height":871.2000122070312,"scale":1,"time":8740}],"filename":"6_scroll"}