{"session_id":"1648158429539","state":"screen2","original_query":"?version=v2","user_agent":"Mozilla/5.0 (Linux; Android 8.1.0; LG-Q710AL) AppleWebKit/537.36 (KHTML, like Gecko) Chrome/92.0.4515.159 Mobile Safari/537.36","platform":"Linux armv7l","task_idx":"14","task_id":"task9","style_id":"spacing10","table_idx":"20","scroll_log":[{"offsetLeft":0,"offsetTop":0,"pageLeft":0,"pageTop":10.666666984558105,"width":412.19049072265625,"height":751.2380981445312,"scale":1,"time":11374},{"offsetLeft":0,"offsetTop":0,"pageLeft":0,"pageTop":104.76190185546875,"width":412.19049072265625,"height":751.2380981445312,"scale":1,"time":11388},{"offsetLeft":0,"offsetTop":0,"pageLeft":0,"pageTop":191.61904907226562,"width":412.19049072265625,"height":751.2380981445312,"scale":1,"time":11416},{"offsetLeft":0,"offsetTop":0,"pageLeft":0,"pageTop":298.28570556640625,"width":412.19049072265625,"height":751.2380981445312,"scale":1,"time":11436}],"filename":"14_scroll"}