{"session_id":"1649808795045","state":"screen2","original_query":"?version=v2","user_agent":"Mozilla/5.0 (Linux; Android 12; Pixel 3) AppleWebKit/537.36 (KHTML, like Gecko) Chrome/100.0.4896.88 Mobile Safari/537.36","platform":"Linux armv8l","task_idx":"24","task_id":"task9","style_id":"spacing5","table_idx":"20","scroll_log":[{"offsetLeft":0,"offsetTop":0,"pageLeft":0,"pageTop":39.6363639831543,"width":393.0909118652344,"height":710.1818237304688,"scale":1,"time":3225},{"offsetLeft":0,"offsetTop":0,"pageLeft":0,"pageTop":115.63636016845703,"width":393.0909118652344,"height":710.1818237304688,"scale":1,"time":3242},{"offsetLeft":0,"offsetTop":0,"pageLeft":0,"pageTop":156,"width":393.0909118652344,"height":710.1818237304688,"scale":1,"time":3258}],"filename":"24_scroll"}