{"session_id":"1649786848322","state":"screen2","original_query":"?version=v2","user_agent":"Mozilla/5.0 (Linux; Android 11; HD1907) AppleWebKit/537.36 (KHTML, like Gecko) Chrome/99.0.4844.74 Mobile Safari/537.36 EdgA/99.0.1150.55","platform":"Linux aarch64","task_idx":"26","task_id":"task23","style_id":"spacing2","table_idx":"27","scroll_log":[{"offsetLeft":0,"offsetTop":0,"pageLeft":0,"pageTop":81.42222595214844,"width":384,"height":674.1333618164062,"scale":1,"time":474},{"offsetLeft":0,"offsetTop":0,"pageLeft":0,"pageTop":118.4000015258789,"width":384,"height":674.1333618164062,"scale":1,"time":488},{"offsetLeft":0,"offsetTop":0,"pageLeft":0,"pageTop":163.91111755371094,"width":384,"height":674.1333618164062,"scale":1,"time":504},{"offsetLeft":0,"offsetTop":0,"pageLeft":0,"pageTop":179.91111755371094,"width":384,"height":674.1333618164062,"scale":1,"time":522}],"filename":"26_scroll"}