{"session_id":"1649786848322","state":"screen2","original_query":"?version=v2","user_agent":"Mozilla/5.0 (Linux; Android 11; HD1907) AppleWebKit/537.36 (KHTML, like Gecko) Chrome/99.0.4844.74 Mobile Safari/537.36 EdgA/99.0.1150.55","platform":"Linux aarch64","task_idx":"4","task_id":"task9","style_id":"spacing10","table_idx":"20","scroll_log":[{"offsetLeft":0,"offsetTop":0,"pageLeft":0,"pageTop":41.9555549621582,"width":384,"height":726.04443359375,"scale":1,"time":1606},{"offsetLeft":0,"offsetTop":0,"pageLeft":0,"pageTop":116.26667022705078,"width":384,"height":726.04443359375,"scale":1,"time":1621},{"offsetLeft":0,"offsetTop":0,"pageLeft":0,"pageTop":169.24444580078125,"width":384,"height":726.04443359375,"scale":1,"time":1630},{"offsetLeft":0,"offsetTop":0,"pageLeft":0,"pageTop":210.4888916015625,"width":384,"height":726.04443359375,"scale":1,"time":1652}],"filename":"4_scroll"}