{"session_id":"1649877005848","state":"screen2","original_query":"?version=v3","user_agent":"Mozilla/5.0 (Linux; Android 12; Pixel 3a XL) AppleWebKit/537.36 (KHTML, like Gecko) Chrome/95.0.4638.74 Mobile Safari/537.36","platform":"Linux armv8l","task_idx":"25","task_id":"task5","style_id":"rowborders","table_idx":"18","scroll_log":[{"offsetLeft":0,"offsetTop":44.48430252075195,"pageLeft":0,"pageTop":49.147979736328125,"width":388.1614074707031,"height":699.1928100585938,"scale":1,"time":9},{"offsetLeft":0,"offsetTop":0,"pageLeft":0,"pageTop":0,"width":388.1614074707031,"height":643.2286376953125,"scale":1,"time":4026},{"offsetLeft":95.78475189208984,"offsetTop":407.8923645019531,"pageLeft":95.78475189208984,"pageTop":412.5560302734375,"width":388.1614074707031,"height":699.1928100585938,"scale":1,"time":40279}],"filename":"25_scroll"}