{"session_id":"1649782187583","state":"screen2","original_query":"?version=v2","user_agent":"Mozilla/5.0 (Linux; Android 11; SAMSUNG SM-S515DL) AppleWebKit/537.36 (KHTML, like Gecko) SamsungBrowser/16.2 Chrome/92.0.4515.166 Mobile Safari/537.36","platform":"Linux aarch64","task_idx":"2","task_id":"task22","style_id":"spacing5","table_idx":"13","scroll_log":[{"offsetLeft":0,"offsetTop":1026.2857666015625,"pageLeft":0,"pageTop":1030.4761962890625,"width":412.19049072265625,"height":830.1432495117188,"scale":1,"time":11020},{"offsetLeft":0,"offsetTop":977.90478515625,"pageLeft":0,"pageTop":1004.952392578125,"width":412.19049072265625,"height":810.4578857421875,"scale":1,"time":11039},{"offsetLeft":0,"offsetTop":910.8571166992188,"pageLeft":0,"pageTop":964.952392578125,"width":412.19049072265625,"height":785.1428833007812,"scale":1,"time":11054},{"offsetLeft":0,"offsetTop":825.5238037109375,"pageLeft":0,"pageTop":825.5238037109375,"width":412.19049072265625,"height":737.1428833007812,"scale":1,"time":11090}],"filename":"2_scroll"}