{"session_id":"1649877153598","state":"screen2","original_query":"?version=v3","user_agent":"Mozilla/5.0 (Linux; Android 10; SAMSUNG SM-S205DL) AppleWebKit/537.36 (KHTML, like Gecko) SamsungBrowser/16.0 Chrome/92.0.4515.166 Mobile Safari/537.36","platform":"Linux aarch64","task_idx":"8","task_id":"task22","style_id":"striped","table_idx":"13","scroll_log":[{"offsetLeft":113.14286041259766,"offsetTop":918.8571166992188,"pageLeft":113.14286041259766,"pageTop":938.2857055664062,"width":412,"height":844.1107788085938,"scale":1,"time":72135},{"offsetLeft":113.14286041259766,"offsetTop":828,"pageLeft":113.14286041259766,"pageTop":916,"width":412,"height":789.1998291015625,"scale":1,"time":72150},{"offsetLeft":113.14286041259766,"offsetTop":777.1428833007812,"pageLeft":113.14286041259766,"pageTop":900.5714111328125,"width":412,"height":768,"scale":1,"time":72169},{"offsetLeft":113.14286041259766,"offsetTop":744.5714111328125,"pageLeft":113.14286041259766,"pageTop":744.5714111328125,"width":412,"height":719.4285888671875,"scale":1,"time":72185}],"filename":"8_scroll"}