{"session_id":"1649962613638","state":"screen2","original_query":"?version=v3","user_agent":"Mozilla/5.0 (Linux; Android 11; SAMSUNG SM-A505G) AppleWebKit/537.36 (KHTML, like Gecko) SamsungBrowser/16.2 Chrome/92.0.4515.166 Mobile Safari/537.36","platform":"Linux aarch64","task_idx":"11","task_id":"task3","style_id":"col_borders","table_idx":"17","scroll_log":[{"offsetLeft":0,"offsetTop":973.3333129882812,"pageLeft":0,"pageTop":998.09521484375,"width":412.19049072265625,"height":792.8596801757812,"scale":1,"time":1017},{"offsetLeft":0,"offsetTop":917.7142944335938,"pageLeft":0,"pageTop":964.5714111328125,"width":412.19049072265625,"height":770.7619018554688,"scale":1,"time":1033},{"offsetLeft":0,"offsetTop":880.7619018554688,"pageLeft":0,"pageTop":944,"width":412.19049072265625,"height":764.1904907226562,"scale":1,"time":1051},{"offsetLeft":0,"offsetTop":880,"pageLeft":0,"pageTop":880,"width":412.19049072265625,"height":716.1904907226562,"scale":1,"time":1068}],"filename":"11_scroll"}