{"session_id":"1649962613638","state":"screen2","original_query":"?version=v3","user_agent":"Mozilla/5.0 (Linux; Android 11; SAMSUNG SM-A505G) AppleWebKit/537.36 (KHTML, like Gecko) SamsungBrowser/16.2 Chrome/92.0.4515.166 Mobile Safari/537.36","platform":"Linux aarch64","task_idx":"21","task_id":"task0","style_id":"row_borders","table_idx":"2","scroll_log":[{"offsetLeft":0,"offsetTop":311.6190490722656,"pageLeft":0,"pageTop":327.6190490722656,"width":412.19049072265625,"height":774.8471069335938,"scale":1,"time":971},{"offsetLeft":0,"offsetTop":273.5238037109375,"pageLeft":0,"pageTop":298.6666564941406,"width":412.19049072265625,"height":764.1904907226562,"scale":1,"time":988},{"offsetLeft":0,"offsetTop":270.0952453613281,"pageLeft":0,"pageTop":270.0952453613281,"width":412.19049072265625,"height":716.1904907226562,"scale":1,"time":1003}],"filename":"21_scroll"}