{"session_id":"1649962613638","state":"screen2","original_query":"?version=v3","user_agent":"Mozilla/5.0 (Linux; Android 11; SAMSUNG SM-A505G) AppleWebKit/537.36 (KHTML, like Gecko) SamsungBrowser/16.2 Chrome/92.0.4515.166 Mobile Safari/537.36","platform":"Linux aarch64","task_idx":"25","task_id":"task22","style_id":"row_borders","table_idx":"13","scroll_log":[{"offsetLeft":0,"offsetTop":880.3809814453125,"pageLeft":0,"pageTop":888,"width":412.19049072265625,"height":805.8328857421875,"scale":1,"time":18564},{"offsetLeft":0,"offsetTop":820.5714111328125,"pageLeft":0,"pageTop":856.7619018554688,"width":412.19049072265625,"height":778.6278076171875,"scale":1,"time":18582},{"offsetLeft":0,"offsetTop":777.90478515625,"pageLeft":0,"pageTop":845.7142944335938,"width":412.19049072265625,"height":764.1904907226562,"scale":1,"time":18596},{"offsetLeft":0,"offsetTop":739.047607421875,"pageLeft":0,"pageTop":739.047607421875,"width":412.19049072265625,"height":716.1904907226562,"scale":1,"time":18630}],"filename":"25_scroll"}