{"session_id":"1648324679534","state":"screen2","original_query":"?version=v2","user_agent":"Mozilla/5.0 (Linux; Android 12; Pixel 4a (5G)) AppleWebKit/537.36 (KHTML, like Gecko) Chrome/95.0.4638.74 Mobile Safari/537.36","platform":"Linux armv8l","task_idx":"5","task_id":"task3","style_id":"spacing5","table_idx":"17","scroll_log":[{"offsetLeft":0,"offsetTop":0,"pageLeft":0,"pageTop":11.809523582458496,"width":1031.6190185546875,"height":1942.683837890625,"scale":0.39955687522888184,"time":28893},{"offsetLeft":0,"offsetTop":0,"pageLeft":0,"pageTop":23.619047164916992,"width":1031.6190185546875,"height":1930.9560546875,"scale":0.39955687522888184,"time":28907},{"offsetLeft":0,"offsetTop":0,"pageLeft":0,"pageTop":32.380950927734375,"width":1031.6190185546875,"height":1922.1292724609375,"scale":0.39955687522888184,"time":28925},{"offsetLeft":0,"offsetTop":0,"pageLeft":0,"pageTop":0,"width":1031.6190185546875,"height":1801.996337890625,"scale":0.39955687522888184,"time":28957}],"filename":"5_scroll"}