{"session_id":"1649774424733","state":"screen2","original_query":"?version=v2","user_agent":"Mozilla/5.0 (Linux; Android 12; Pixel 4) AppleWebKit/537.36 (KHTML, like Gecko) Chrome/100.0.4896.79 Mobile Safari/537.36","platform":"Linux armv8l","task_idx":"18","task_id":"task8","style_id":"spacing15","table_idx":"6","scroll_log":[{"offsetLeft":0,"offsetTop":0,"pageLeft":0,"pageTop":61.818180084228516,"width":393.0909118652344,"height":735.272705078125,"scale":1,"time":6332},{"offsetLeft":0,"offsetTop":0,"pageLeft":0,"pageTop":115.2727279663086,"width":393.0909118652344,"height":735.272705078125,"scale":1,"time":6345},{"offsetLeft":0,"offsetTop":0,"pageLeft":0,"pageTop":179.63636779785156,"width":393.0909118652344,"height":735.272705078125,"scale":1,"time":6354},{"offsetLeft":0,"offsetTop":0,"pageLeft":0,"pageTop":186.18182373046875,"width":393.0909118652344,"height":735.272705078125,"scale":1,"time":6366}],"filename":"18_scroll"}