{"session_id":"1649949505092","state":"screen2","original_query":"?version=v3","user_agent":"Mozilla/5.0 (Linux; Android 12; SM-G986U) AppleWebKit/537.36 (KHTML, like Gecko) Chrome/100.0.4896.79 Mobile Safari/537.36","platform":"Linux aarch64","task_idx":"10","task_id":"task2","style_id":"row_borders","table_idx":"3","scroll_log":[{"offsetLeft":0,"offsetTop":0,"pageLeft":0,"pageTop":41.904762268066406,"width":412.19049072265625,"height":783.2380981445312,"scale":1,"time":734},{"offsetLeft":0,"offsetTop":0,"pageLeft":0,"pageTop":70.47618865966797,"width":412.19049072265625,"height":783.2380981445312,"scale":1,"time":754},{"offsetLeft":0,"offsetTop":0,"pageLeft":0,"pageTop":101.71428680419922,"width":412.19049072265625,"height":783.2380981445312,"scale":1,"time":770},{"offsetLeft":0,"offsetTop":0,"pageLeft":0,"pageTop":129.5238037109375,"width":412.19049072265625,"height":783.2380981445312,"scale":1,"time":787}],"filename":"10_scroll"}