{"session_id":"1649949505092","state":"screen2","original_query":"?version=v3","user_agent":"Mozilla/5.0 (Linux; Android 12; SM-G986U) AppleWebKit/537.36 (KHTML, like Gecko) Chrome/100.0.4896.79 Mobile Safari/537.36","platform":"Linux aarch64","task_idx":"11","task_id":"task23","style_id":"row_borders","table_idx":"27","scroll_log":[{"offsetLeft":0,"offsetTop":0,"pageLeft":0,"pageTop":11.428571701049805,"width":412.19049072265625,"height":783.2380981445312,"scale":1,"time":802},{"offsetLeft":0,"offsetTop":0,"pageLeft":0,"pageTop":51.80952453613281,"width":412.19049072265625,"height":783.2380981445312,"scale":1,"time":821},{"offsetLeft":0,"offsetTop":0,"pageLeft":0,"pageTop":130.6666717529297,"width":412.19049072265625,"height":783.2380981445312,"scale":1,"time":837},{"offsetLeft":0,"offsetTop":0,"pageLeft":0,"pageTop":131.42857360839844,"width":412.19049072265625,"height":783.2380981445312,"scale":1,"time":853}],"filename":"11_scroll"}