{"session_id":"1649949505092","state":"screen2","original_query":"?version=v3","user_agent":"Mozilla/5.0 (Linux; Android 12; SM-G986U) AppleWebKit/537.36 (KHTML, like Gecko) Chrome/100.0.4896.79 Mobile Safari/537.36","platform":"Linux aarch64","task_idx":"16","task_id":"task22","style_id":"plain","table_idx":"13","scroll_log":[{"offsetLeft":0,"offsetTop":0,"pageLeft":0,"pageTop":24.761905670166016,"width":412.19049072265625,"height":783.2380981445312,"scale":1,"time":600},{"offsetLeft":0,"offsetTop":0,"pageLeft":0,"pageTop":80,"width":412.19049072265625,"height":783.2380981445312,"scale":1,"time":613},{"offsetLeft":0,"offsetTop":0,"pageLeft":0,"pageTop":131.8095245361328,"width":412.19049072265625,"height":783.2380981445312,"scale":1,"time":629},{"offsetLeft":0,"offsetTop":0,"pageLeft":0,"pageTop":145.14285278320312,"width":412.19049072265625,"height":783.2380981445312,"scale":1,"time":645}],"filename":"16_scroll"}