{"session_id":"1649949391318","state":"screen2","original_query":"?version=v3","user_agent":"Mozilla/5.0 (Linux; Android 9; moto g(6) (XT1925DL)) AppleWebKit/537.36 (KHTML, like Gecko) Chrome/100.0.4896.88 Mobile Safari/537.36","platform":"Linux armv7l","task_idx":"11","task_id":"task23","style_id":"plain","table_idx":"27","scroll_log":[{"offsetLeft":0,"offsetTop":263.6666564941406,"pageLeft":0,"pageTop":263.6666564941406,"width":360,"height":648,"scale":1,"time":12},{"offsetLeft":0,"offsetTop":262,"pageLeft":0,"pageTop":263.6666564941406,"width":360,"height":644.8817749023438,"scale":1,"time":1416},{"offsetLeft":0,"offsetTop":229,"pageLeft":0,"pageTop":235.3333282470703,"width":377.1886901855469,"height":669.3889770507812,"scale":0.954429566860199,"time":1440},{"offsetLeft":0,"offsetTop":95.66666412353516,"pageLeft":0,"pageTop":95.66666412353516,"width":453.2724304199219,"height":815.890380859375,"scale":0.7942243218421936,"time":1487}],"filename":"11_scroll"}