{"session_id":"1648328093231","state":"screen2","original_query":"?version=v2","user_agent":"Mozilla/5.0 (Linux; Android 12; SM-G975U) AppleWebKit/537.36 (KHTML, like Gecko) Chrome/98.0.4758.101 Mobile Safari/537.36","platform":"Linux aarch64","task_idx":"0","task_id":"practice1","style_id":"spacing5","table_idx":"1","scroll_log":[{"offsetLeft":0,"offsetTop":0,"pageLeft":0,"pageTop":4.5714287757873535,"width":412.19049072265625,"height":726.951904296875,"scale":1,"time":12096},{"offsetLeft":0,"offsetTop":0,"pageLeft":0,"pageTop":7.238095283508301,"width":412.19049072265625,"height":724.1904907226562,"scale":1,"time":12113},{"offsetLeft":0,"offsetTop":0,"pageLeft":0,"pageTop":0,"width":412.19049072265625,"height":676.1904907226562,"scale":1,"time":12145}],"filename":"0_scroll"}