{"session_id":"1648328093231","state":"screen2","original_query":"?version=v2","user_agent":"Mozilla/5.0 (Linux; Android 12; SM-G975U) AppleWebKit/537.36 (KHTML, like Gecko) Chrome/98.0.4758.101 Mobile Safari/537.36","platform":"Linux aarch64","task_idx":"26","task_id":"task9","style_id":"spacing5","table_idx":"20","scroll_log":[{"offsetLeft":0,"offsetTop":0,"pageLeft":0,"pageTop":0.380952388048172,"width":412.19049072265625,"height":732.1904907226562,"scale":1,"time":6122},{"offsetLeft":0,"offsetTop":0,"pageLeft":0,"pageTop":36.57143020629883,"width":412.19049072265625,"height":732.1904907226562,"scale":1,"time":6131},{"offsetLeft":0,"offsetTop":0,"pageLeft":0,"pageTop":78.0952377319336,"width":412.19049072265625,"height":732.1904907226562,"scale":1,"time":6148},{"offsetLeft":0,"offsetTop":0,"pageLeft":0,"pageTop":124.19047546386719,"width":412.19049072265625,"height":732.1904907226562,"scale":1,"time":6165}],"filename":"26_scroll"}