{"session_id":"1651447437358","state":"screen2","original_query":"?version=v4","user_agent":"Mozilla/5.0 (Linux; Android 11; SAMSUNG SM-A326U) AppleWebKit/537.36 (KHTML, like Gecko) SamsungBrowser/16.2 Chrome/92.0.4515.166 Mobile Safari/537.36","platform":"Linux aarch64","task_idx":"5","task_id":"task7","style_id":"rowfreeze","table_idx":"19","scroll_log":[{"offsetLeft":0,"offsetTop":577.066650390625,"pageLeft":0,"pageTop":578.6666870117188,"width":384,"height":782.4000244140625,"scale":1,"time":9995},{"offsetLeft":0,"offsetTop":577.066650390625,"pageLeft":0,"pageTop":668.2666625976562,"width":384,"height":782.4000244140625,"scale":1,"time":10051},{"offsetLeft":0,"offsetTop":577.066650390625,"pageLeft":0,"pageTop":684.7999877929688,"width":384,"height":782.4000244140625,"scale":1,"time":10073}],"filename":"5_scroll"}