{"session_id":"1648134147544","state":"screen2","original_query":"?version=v2","user_agent":"Mozilla/5.0 (Linux; Android 11; POCO M2 Pro) AppleWebKit/537.36 (KHTML, like Gecko) Chrome/99.0.4844.73 Mobile Safari/537.36","platform":"Linux armv8l","task_idx":"5","task_id":"task8","style_id":"spacing15","table_idx":"6","scroll_log":[{"offsetLeft":0,"offsetTop":0,"pageLeft":0,"pageTop":2.909090995788574,"width":393.0909118652344,"height":836,"scale":1,"time":2355},{"offsetLeft":0,"offsetTop":0,"pageLeft":0,"pageTop":49.45454406738281,"width":393.0909118652344,"height":836,"scale":1,"time":2370},{"offsetLeft":0,"offsetTop":0,"pageLeft":0,"pageTop":123.63636016845703,"width":393.0909118652344,"height":836,"scale":1,"time":2387},{"offsetLeft":0,"offsetTop":0,"pageLeft":0,"pageTop":133.4545440673828,"width":393.0909118652344,"height":836,"scale":1,"time":2404}],"filename":"5_scroll"}