{"session_id":"1649777975578","state":"screen2","original_query":"?version=v2","user_agent":"Mozilla/5.0 (Linux; Android 8.1.0; SM-G615FU) AppleWebKit/537.36 (KHTML, like Gecko) Chrome/89.0.4389.105 Mobile Safari/537.36","platform":"Linux armv8l","task_idx":"17","task_id":"task9","style_id":"spacing10","table_idx":"20","scroll_log":[{"offsetLeft":0,"offsetTop":0,"pageLeft":0,"pageTop":12.952381134033203,"width":412.19049072265625,"height":708.1904907226562,"scale":1,"time":1443},{"offsetLeft":0,"offsetTop":0,"pageLeft":0,"pageTop":216.76190185546875,"width":412.19049072265625,"height":708.1904907226562,"scale":1,"time":1461},{"offsetLeft":0,"offsetTop":0,"pageLeft":0,"pageTop":301.3333435058594,"width":412.19049072265625,"height":708.1904907226562,"scale":1,"time":1479},{"offsetLeft":0,"offsetTop":0,"pageLeft":0,"pageTop":337.5238037109375,"width":412.19049072265625,"height":708.1904907226562,"scale":1,"time":1502}],"filename":"17_scroll"}