{"session_id":"1648326126354","state":"screen2","original_query":"?version=v2","user_agent":"Mozilla/5.0 (Linux; Android 12; Pixel 4a) AppleWebKit/537.36 (KHTML, like Gecko) Chrome/99.0.4844.73 Mobile Safari/537.36","platform":"Linux armv8l","task_idx":"16","task_id":"task9","style_id":"spacing5","table_idx":"20","scroll_log":[{"offsetLeft":0,"offsetTop":0,"pageLeft":0,"pageTop":14.181818008422852,"width":393.0909118652344,"height":786.1818237304688,"scale":1,"time":5088},{"offsetLeft":0,"offsetTop":0,"pageLeft":0,"pageTop":58.181819915771484,"width":393.0909118652344,"height":786.1818237304688,"scale":1,"time":5104},{"offsetLeft":0,"offsetTop":0,"pageLeft":0,"pageTop":80,"width":393.0909118652344,"height":786.1818237304688,"scale":1,"time":5120}],"filename":"16_scroll"}