{"session_id":"1649878547406","state":"screen2","original_query":"?version=v3","user_agent":"Mozilla/5.0 (Linux; Android 11; SAMSUNG SM-S127DL) AppleWebKit/537.36 (KHTML, like Gecko) SamsungBrowser/14.2 Chrome/87.0.4280.141 Mobile Safari/537.36","platform":"Linux armv8l","task_idx":"23","task_id":"task4","style_id":"rowborders","table_idx":"4","scroll_log":[{"offsetLeft":0,"offsetTop":274.1333312988281,"pageLeft":0,"pageTop":311.4666748046875,"width":384,"height":782.4000244140625,"scale":1,"time":11563},{"offsetLeft":0,"offsetTop":274.1333312988281,"pageLeft":0,"pageTop":322.6666564941406,"width":384,"height":782.4000244140625,"scale":1,"time":11578},{"offsetLeft":0,"offsetTop":274.1333312988281,"pageLeft":0,"pageTop":382.9333190917969,"width":384,"height":782.4000244140625,"scale":1,"time":11596},{"offsetLeft":0,"offsetTop":274.1333312988281,"pageLeft":0,"pageTop":428.79998779296875,"width":384,"height":782.4000244140625,"scale":1,"time":11612}],"filename":"23_scroll"}