{"session_id":"1649878547406","state":"screen2","original_query":"?version=v3","user_agent":"Mozilla/5.0 (Linux; Android 11; SAMSUNG SM-S127DL) AppleWebKit/537.36 (KHTML, like Gecko) SamsungBrowser/14.2 Chrome/87.0.4280.141 Mobile Safari/537.36","platform":"Linux armv8l","task_idx":"7","task_id":"task22","style_id":"striped","table_idx":"13","scroll_log":[{"offsetLeft":2.133333444595337,"offsetTop":857.5999755859375,"pageLeft":2.133333444595337,"pageTop":862.933349609375,"width":384,"height":777.8843383789062,"scale":1,"time":43818},{"offsetLeft":13.333333015441895,"offsetTop":796.7999877929688,"pageLeft":13.333333015441895,"pageTop":830.933349609375,"width":384,"height":750.3281860351562,"scale":1,"time":43835},{"offsetLeft":26.133333206176758,"offsetTop":728,"pageLeft":26.133333206176758,"pageTop":795.2000122070312,"width":384,"height":734.4000244140625,"scale":1,"time":43851},{"offsetLeft":39.46666717529297,"offsetTop":710.4000244140625,"pageLeft":39.46666717529297,"pageTop":710.4000244140625,"width":384,"height":686.4000244140625,"scale":1,"time":43868}],"filename":"7_scroll"}