{"session_id":"1648164893681","state":"screen2","original_query":"?version=v2","user_agent":"Mozilla/5.0 (Linux; Android 9; SAMSUNG SM-G950U) AppleWebKit/537.36 (KHTML, like Gecko) SamsungBrowser/16.2 Chrome/92.0.4515.166 Mobile Safari/537.36","platform":"Linux aarch64","task_idx":"14","task_id":"task22","style_id":"spacing2","table_idx":"13","scroll_log":[{"offsetLeft":0,"offsetTop":5.333333492279053,"pageLeft":0,"pageTop":5.333333492279053,"width":360,"height":668,"scale":1,"time":6},{"offsetLeft":0,"offsetTop":658,"pageLeft":0,"pageTop":660.6666870117188,"width":360,"height":631.8954467773438,"scale":1,"time":87766},{"offsetLeft":0,"offsetTop":627.6666870117188,"pageLeft":0,"pageTop":656.6666870117188,"width":360,"height":620,"scale":1,"time":87783},{"offsetLeft":0,"offsetTop":604.3333129882812,"pageLeft":0,"pageTop":604.3333129882812,"width":360,"height":572,"scale":1,"time":87818}],"filename":"14_scroll"}