{"session_id":"1648164893681","state":"screen2","original_query":"?version=v2","user_agent":"Mozilla/5.0 (Linux; Android 9; SAMSUNG SM-G950U) AppleWebKit/537.36 (KHTML, like Gecko) SamsungBrowser/16.2 Chrome/92.0.4515.166 Mobile Safari/537.36","platform":"Linux aarch64","task_idx":"9","task_id":"task1","style_id":"spacing10","table_idx":"16","scroll_log":[{"offsetLeft":0,"offsetTop":473,"pageLeft":0,"pageTop":483.6666564941406,"width":360,"height":654.338134765625,"scale":1,"time":16225},{"offsetLeft":0,"offsetTop":444.3333435058594,"pageLeft":0,"pageTop":472.3333435058594,"width":360,"height":634.8018188476562,"scale":1,"time":16240},{"offsetLeft":0,"offsetTop":414.3333435058594,"pageLeft":0,"pageTop":464,"width":360,"height":620,"scale":1,"time":16257},{"offsetLeft":0,"offsetTop":370.6666564941406,"pageLeft":0,"pageTop":370.6666564941406,"width":360,"height":572,"scale":1,"time":16289}],"filename":"9_scroll"}