{"session_id":"1651434455423","state":"screen2","original_query":"?version=v4","user_agent":"Mozilla/5.0 (Linux; Android 11; SAMSUNG SM-S124DL) AppleWebKit/537.36 (KHTML, like Gecko) SamsungBrowser/16.2 Chrome/92.0.4515.166 Mobile Safari/537.36","platform":"Linux armv8l","task_idx":"10","task_id":"task8","style_id":"bad","table_idx":"6","scroll_log":[{"offsetLeft":22.285715103149414,"offsetTop":57.71428680419922,"pageLeft":22.285715103149414,"pageTop":86.85713958740234,"width":412,"height":841.1428833007812,"scale":1,"time":14148},{"offsetLeft":21.14285659790039,"offsetTop":57.71428680419922,"pageLeft":21.14285659790039,"pageTop":128,"width":412,"height":841.1428833007812,"scale":1,"time":14164},{"offsetLeft":18.85714340209961,"offsetTop":57.71428680419922,"pageLeft":18.85714340209961,"pageTop":169.7142791748047,"width":412,"height":841.1428833007812,"scale":1,"time":14181},{"offsetLeft":13.142857551574707,"offsetTop":57.71428680419922,"pageLeft":13.142857551574707,"pageTop":200.57142639160156,"width":412,"height":841.1428833007812,"scale":1,"time":14197}],"filename":"10_scroll"}