{"session_id":"1651346868278","state":"screen2","original_query":"?version=v4","user_agent":"Mozilla/5.0 (Linux; Android 12; V2109) AppleWebKit/537.36 (KHTML, like Gecko) Chrome/101.0.4951.41 Mobile Safari/537.36","platform":"Linux aarch64","task_idx":"16","task_id":"task8","style_id":"bad","table_idx":"6","scroll_log":[{"offsetLeft":0,"offsetTop":0,"pageLeft":0,"pageTop":8,"width":393.0909118652344,"height":802.1818237304688,"scale":1,"time":819},{"offsetLeft":0,"offsetTop":0,"pageLeft":0,"pageTop":82.90908813476562,"width":393.0909118652344,"height":802.1818237304688,"scale":1,"time":837},{"offsetLeft":0,"offsetTop":0,"pageLeft":0,"pageTop":144.36363220214844,"width":393.0909118652344,"height":802.1818237304688,"scale":1,"time":851},{"offsetLeft":0,"offsetTop":0,"pageLeft":0,"pageTop":190.18182373046875,"width":393.0909118652344,"height":802.1818237304688,"scale":1,"time":868}],"filename":"16_scroll"}