{"session_id":"1651346868278","state":"screen2","original_query":"?version=v4","user_agent":"Mozilla/5.0 (Linux; Android 12; V2109) AppleWebKit/537.36 (KHTML, like Gecko) Chrome/101.0.4951.41 Mobile Safari/537.36","platform":"Linux aarch64","task_idx":"22","task_id":"task22","style_id":"bad","table_idx":"13","scroll_log":[{"offsetLeft":0,"offsetTop":0,"pageLeft":0,"pageTop":17.81818199157715,"width":393.0909118652344,"height":802.1818237304688,"scale":1,"time":803},{"offsetLeft":0,"offsetTop":0,"pageLeft":0,"pageTop":195.63636779785156,"width":393.0909118652344,"height":802.1818237304688,"scale":1,"time":830},{"offsetLeft":0,"offsetTop":0,"pageLeft":0,"pageTop":411.2727355957031,"width":393.0909118652344,"height":802.1818237304688,"scale":1,"time":1050}],"filename":"22_scroll"}