{"session_id":"1649775968483","state":"screen2","original_query":"?version=v2","user_agent":"Mozilla/5.0 (Linux; Android 12; SM-S908U1) AppleWebKit/537.36 (KHTML, like Gecko) Chrome/100.0.4896.88 Mobile Safari/537.36","platform":"Linux aarch64","task_idx":"25","task_id":"task8","style_id":"spacing15","table_idx":"6","scroll_log":[{"offsetLeft":0,"offsetTop":0,"pageLeft":0,"pageTop":1.600000023841858,"width":384,"height":734.1333618164062,"scale":1,"time":7207},{"offsetLeft":0,"offsetTop":0,"pageLeft":0,"pageTop":45.599998474121094,"width":384,"height":734.1333618164062,"scale":1,"time":7219},{"offsetLeft":0,"offsetTop":0,"pageLeft":0,"pageTop":87.46666717529297,"width":384,"height":734.1333618164062,"scale":1,"time":7225},{"offsetLeft":0,"offsetTop":0,"pageLeft":0,"pageTop":166.6666717529297,"width":384,"height":734.1333618164062,"scale":1,"time":7232}],"filename":"25_scroll"}