{"session_id":"1648324824827","state":"screen2","original_query":"?version=v2","user_agent":"Mozilla/5.0 (Linux; Android 11; Pixel 3a) AppleWebKit/537.36 (KHTML, like Gecko) Chrome/99.0.4844.73 Mobile Safari/537.36","platform":"Linux armv8l","task_idx":"21","task_id":"task8","style_id":"spacing10","table_idx":"6","scroll_log":[{"offsetLeft":0,"offsetTop":0,"pageLeft":0,"pageTop":13.090909004211426,"width":393.0909118652344,"height":736,"scale":1,"time":9950},{"offsetLeft":0,"offsetTop":0,"pageLeft":0,"pageTop":61.45454406738281,"width":393.0909118652344,"height":736,"scale":1,"time":9966},{"offsetLeft":0,"offsetTop":0,"pageLeft":0,"pageTop":87.2727279663086,"width":393.0909118652344,"height":736,"scale":1,"time":9982},{"offsetLeft":0,"offsetTop":0,"pageLeft":0,"pageTop":115.2727279663086,"width":393.0909118652344,"height":736,"scale":1,"time":10000}],"filename":"21_scroll"}