{"session_id":"1649882536949","state":"screen2","original_query":"?version=v3","user_agent":"Mozilla/5.0 (Linux; Android 11; Nokia 8.1) AppleWebKit/537.36 (KHTML, like Gecko) Chrome/100.0.4896.58 Mobile Safari/537.36","platform":"Linux armv8l","task_idx":"14","task_id":"task22","style_id":"plain","table_idx":"13","scroll_log":[{"offsetLeft":0,"offsetTop":0,"pageLeft":0,"pageTop":31.910110473632812,"width":486.2921142578125,"height":915.0560913085938,"scale":1,"time":835},{"offsetLeft":0,"offsetTop":0,"pageLeft":0,"pageTop":81.79774475097656,"width":486.2921142578125,"height":915.0560913085938,"scale":1,"time":850},{"offsetLeft":0,"offsetTop":0,"pageLeft":0,"pageTop":143.3707733154297,"width":486.2921142578125,"height":915.0560913085938,"scale":1,"time":867},{"offsetLeft":0,"offsetTop":0,"pageLeft":0,"pageTop":169.88763427734375,"width":486.2921142578125,"height":915.0560913085938,"scale":1,"time":887}],"filename":"14_scroll"}