{"session_id":"1649882536949","state":"screen2","original_query":"?version=v3","user_agent":"Mozilla/5.0 (Linux; Android 11; Nokia 8.1) AppleWebKit/537.36 (KHTML, like Gecko) Chrome/100.0.4896.58 Mobile Safari/537.36","platform":"Linux armv8l","task_idx":"17","task_id":"task3","style_id":"colborders","table_idx":"17","scroll_log":[{"offsetLeft":0,"offsetTop":0,"pageLeft":0,"pageTop":28.314605712890625,"width":486.2921142578125,"height":915.0560913085938,"scale":1,"time":1510},{"offsetLeft":0,"offsetTop":0,"pageLeft":0,"pageTop":68.7640380859375,"width":486.2921142578125,"height":915.0560913085938,"scale":1,"time":1524},{"offsetLeft":0,"offsetTop":0,"pageLeft":0,"pageTop":108.3145980834961,"width":486.2921142578125,"height":915.0560913085938,"scale":1,"time":1541}],"filename":"17_scroll"}