{"session_id":"1649882536949","state":"screen2","original_query":"?version=v3","user_agent":"Mozilla/5.0 (Linux; Android 11; Nokia 8.1) AppleWebKit/537.36 (KHTML, like Gecko) Chrome/100.0.4896.58 Mobile Safari/537.36","platform":"Linux armv8l","task_idx":"7","task_id":"task9","style_id":"striped","table_idx":"20","scroll_log":[{"offsetLeft":0,"offsetTop":0,"pageLeft":0,"pageTop":3.1460671424865723,"width":486.2921142578125,"height":914.606689453125,"scale":1,"time":1910},{"offsetLeft":0,"offsetTop":0,"pageLeft":0,"pageTop":8.089886665344238,"width":486.2921142578125,"height":914.606689453125,"scale":1,"time":1928},{"offsetLeft":0,"offsetTop":0,"pageLeft":0,"pageTop":7.640449047088623,"width":486.2921142578125,"height":915.0560913085938,"scale":1,"time":2039}],"filename":"7_scroll"}