{"session_id":"1649948787770","state":"screen2","original_query":"?version=v3","user_agent":"Mozilla/5.0 (Linux; Android 10; SAMSUNG SM-G965U) AppleWebKit/537.36 (KHTML, like Gecko) SamsungBrowser/16.2 Chrome/92.0.4515.166 Mobile Safari/537.36","platform":"Linux aarch64","task_idx":"12","task_id":"task9","style_id":"row_borders","table_idx":"20","scroll_log":[{"offsetLeft":0,"offsetTop":0,"pageLeft":0,"pageTop":11.428571701049805,"width":412.19049072265625,"height":774.09521484375,"scale":1,"time":4571},{"offsetLeft":0,"offsetTop":0,"pageLeft":0,"pageTop":31.238094329833984,"width":412.19049072265625,"height":774.09521484375,"scale":1,"time":4585},{"offsetLeft":0,"offsetTop":0,"pageLeft":0,"pageTop":48.380950927734375,"width":412.19049072265625,"height":774.09521484375,"scale":1,"time":4602}],"filename":"12_scroll"}