{"session_id":"1648129601235","state":"screen2","original_query":"?version=v2","user_agent":"Mozilla/5.0 (Linux; Android 12; SM-G990U) AppleWebKit/537.36 (KHTML, like Gecko) Chrome/99.0.4844.73 Mobile Safari/537.36","platform":"Linux armv8l","task_idx":"24","task_id":"task23","style_id":"spacing10","table_idx":"27","scroll_log":[{"offsetLeft":0,"offsetTop":132.95237731933594,"pageLeft":0,"pageTop":132.95237731933594,"width":412.19049072265625,"height":806.09521484375,"scale":1,"time":3},{"offsetLeft":0,"offsetTop":33.05228042602539,"pageLeft":0,"pageTop":161.05227661132812,"width":801.5289306640625,"height":268.5652160644531,"scale":1.0056970119476318,"time":36864},{"offsetLeft":2.606654644012451,"offsetTop":86.0952377319336,"pageLeft":2.606654644012451,"pageTop":86.0952377319336,"width":412.19049072265625,"height":702.09521484375,"scale":1,"time":46579}],"filename":"24_scroll"}