{"session_id":"1648129601235","state":"screen2","original_query":"?version=v2","user_agent":"Mozilla/5.0 (Linux; Android 12; SM-G990U) AppleWebKit/537.36 (KHTML, like Gecko) Chrome/99.0.4844.73 Mobile Safari/537.36","platform":"Linux armv8l","task_idx":"5","task_id":"task16","style_id":"spacing2","table_idx":"10","scroll_log":[{"offsetLeft":0,"offsetTop":100.19047546386719,"pageLeft":0,"pageTop":101.33333587646484,"width":412.19049072265625,"height":806.09521484375,"scale":1,"time":2},{"offsetLeft":0,"offsetTop":0,"pageLeft":0,"pageTop":0,"width":412.19049072265625,"height":750.09521484375,"scale":1,"time":1220},{"offsetLeft":0,"offsetTop":1317.3333740234375,"pageLeft":0,"pageTop":1318.4761962890625,"width":412.19049072265625,"height":806.09521484375,"scale":1,"time":57063}],"filename":"5_scroll"}