{"session_id":"1649883300035","state":"screen2","original_query":"?version=v3","user_agent":"Mozilla/5.0 (Linux; Android 12; SM-G981U) AppleWebKit/537.36 (KHTML, like Gecko) Chrome/100.0.4896.88 Mobile Safari/537.36","platform":"Linux aarch64","task_idx":"21","task_id":"task9","style_id":"rowborders","table_idx":"20","scroll_log":[{"offsetLeft":0,"offsetTop":0,"pageLeft":0,"pageTop":1.2549020051956177,"width":339.13726806640625,"height":633.4117431640625,"scale":1,"time":5419},{"offsetLeft":0,"offsetTop":0,"pageLeft":0,"pageTop":7.843137264251709,"width":339.13726806640625,"height":633.4117431640625,"scale":1,"time":5428},{"offsetLeft":0,"offsetTop":0,"pageLeft":0,"pageTop":8.15686321258545,"width":339.13726806640625,"height":681.0980224609375,"scale":1,"time":5495}],"filename":"21_scroll"}