{"session_id":"1648161023989","state":"screen2","original_query":"?version=v2","user_agent":"Mozilla/5.0 (Linux; Android 12; Pixel 4) AppleWebKit/537.36 (KHTML, like Gecko) Chrome/91.0.4472.114 Mobile Safari/537.36","platform":"Linux armv8l","task_idx":"22","task_id":"task9","style_id":"spacing5","table_idx":"20","scroll_log":[{"offsetLeft":0,"offsetTop":0,"pageLeft":0,"pageTop":19.636363983154297,"width":393.0909118652344,"height":735.272705078125,"scale":1,"time":3587},{"offsetLeft":0,"offsetTop":0,"pageLeft":0,"pageTop":50.181819915771484,"width":393.0909118652344,"height":735.272705078125,"scale":1,"time":3599},{"offsetLeft":0,"offsetTop":0,"pageLeft":0,"pageTop":82.90908813476562,"width":393.0909118652344,"height":735.272705078125,"scale":1,"time":3616}],"filename":"22_scroll"}